{
  "plan_start_iso": "2026-02-05T12:07:11.526752+00:00",
  "plan_calendar": {
    "utc_offset": "+03:00"
  },
  "objective": {
    "T_max": 200.80000000000004,
    "C_max": 227.80000000000004
  },
  "S_old": {
    "1": 0.0,
    "2": 7.0,
    "3": 57.199999999999996,
    "4": 2.0,
    "5": 106.0,
    "6": 149.8,
    "7": 162.20000000000002,
    "8": 4.0,
    "9": 17.4,
    "10": 117.0,
    "11": 128.4,
    "12": 180.60000000000002,
    "13": 6.0,
    "14": 40.4,
    "15": 12.4,
    "16": 85.19999999999999,
    "17": 66.19999999999999,
    "18": 168.20000000000002,
    "19": 18.0,
    "20": 207.40000000000003,
    "21": 221.80000000000004,
    "22": 13.4,
    "23": 32.4,
    "24": 138.4,
    "25": 75.19999999999999,
    "26": 194.00000000000003,
    "27": 19.4,
    "28": 48.8,
    "29": 25.4,
    "30": 95.6
  },
  "C_old": {
    "1": 7.0,
    "2": 17.4,
    "3": 66.19999999999999,
    "4": 12.4,
    "5": 117.0,
    "6": 162.20000000000002,
    "7": 168.20000000000002,
    "8": 13.4,
    "9": 25.4,
    "10": 128.4,
    "11": 138.4,
    "12": 194.00000000000003,
    "13": 18.0,
    "14": 48.8,
    "15": 19.4,
    "16": 95.6,
    "17": 75.19999999999999,
    "18": 180.60000000000002,
    "19": 29.0,
    "20": 221.80000000000004,
    "21": 227.80000000000004,
    "22": 22.8,
    "23": 40.4,
    "24": 149.8,
    "25": 85.19999999999999,
    "26": 207.40000000000003,
    "27": 31.4,
    "28": 57.199999999999996,
    "29": 32.4,
    "30": 106.0
  },
  "x_old": {
    "1,1": 1,
    "2,6": 1,
    "3,1": 1,
    "4,4": 1,
    "5,1": 1,
    "6,4": 1,
    "7,1": 1,
    "8,5": 1,
    "9,3": 1,
    "10,4": 1,
    "11,1": 1,
    "12,4": 1,
    "13,2": 1,
    "14,4": 1,
    "15,1": 1,
    "16,4": 1,
    "17,1": 1,
    "18,4": 1,
    "19,2": 1,
    "20,4": 1,
    "21,1": 1,
    "22,4": 1,
    "23,1": 1,
    "24,4": 1,
    "25,1": 1,
    "26,4": 1,
    "27,1": 1,
    "28,4": 1,
    "29,3": 1,
    "30,4": 1
  },
  "y_old": {
    "1,1": 1,
    "2,1": 1,
    "3,1": 1,
    "4,2": 1,
    "5,1": 1,
    "6,1": 1,
    "7,1": 1,
    "8,3": 1,
    "9,1": 1,
    "10,1": 1,
    "11,1": 1,
    "12,1": 1,
    "13,4": 1,
    "14,1": 1,
    "15,2": 1,
    "16,1": 1,
    "17,1": 1,
    "18,1": 1,
    "19,4": 1,
    "20,1": 1,
    "21,1": 1,
    "22,3": 1,
    "23,1": 1,
    "24,1": 1,
    "25,1": 1,
    "26,1": 1,
    "27,2": 1,
    "28,1": 1,
    "29,1": 1,
    "30,1": 1
  },
  "schedule": [
    {
      "op_id": 1,
      "op_label": "1",
      "job_id": 1,
      "start": 0.0,
      "finish": 7.0,
      "machine": 1,
      "station": 1
    },
    {
      "op_id": 4,
      "op_label": "4",
      "job_id": 2,
      "start": 2.0,
      "finish": 12.4,
      "machine": 4,
      "station": 2
    },
    {
      "op_id": 8,
      "op_label": "8",
      "job_id": 3,
      "start": 4.0,
      "finish": 13.4,
      "machine": 5,
      "station": 3
    },
    {
      "op_id": 13,
      "op_label": "13",
      "job_id": 4,
      "start": 6.0,
      "finish": 18.0,
      "machine": 2,
      "station": 4
    },
    {
      "op_id": 2,
      "op_label": "2",
      "job_id": 1,
      "start": 7.0,
      "finish": 17.4,
      "machine": 6,
      "station": 1
    },
    {
      "op_id": 15,
      "op_label": "15",
      "job_id": 5,
      "start": 12.4,
      "finish": 19.4,
      "machine": 1,
      "station": 2
    },
    {
      "op_id": 22,
      "op_label": "22",
      "job_id": 7,
      "start": 13.4,
      "finish": 22.8,
      "machine": 4,
      "station": 3
    },
    {
      "op_id": 9,
      "op_label": "9",
      "job_id": 3,
      "start": 17.4,
      "finish": 25.4,
      "machine": 3,
      "station": 1
    },
    {
      "op_id": 19,
      "op_label": "19",
      "job_id": 6,
      "start": 18.0,
      "finish": 29.0,
      "machine": 2,
      "station": 4
    },
    {
      "op_id": 27,
      "op_label": "27",
      "job_id": 8,
      "start": 19.4,
      "finish": 31.4,
      "machine": 1,
      "station": 2
    },
    {
      "op_id": 29,
      "op_label": "29",
      "job_id": 8,
      "start": 25.4,
      "finish": 32.4,
      "machine": 3,
      "station": 1
    },
    {
      "op_id": 23,
      "op_label": "23",
      "job_id": 7,
      "start": 32.4,
      "finish": 40.4,
      "machine": 1,
      "station": 1
    },
    {
      "op_id": 14,
      "op_label": "14",
      "job_id": 4,
      "start": 40.4,
      "finish": 48.8,
      "machine": 4,
      "station": 1
    },
    {
      "op_id": 28,
      "op_label": "28",
      "job_id": 8,
      "start": 48.8,
      "finish": 57.199999999999996,
      "machine": 4,
      "station": 1
    },
    {
      "op_id": 3,
      "op_label": "3",
      "job_id": 1,
      "start": 57.199999999999996,
      "finish": 66.19999999999999,
      "machine": 1,
      "station": 1
    },
    {
      "op_id": 17,
      "op_label": "17",
      "job_id": 5,
      "start": 66.19999999999999,
      "finish": 75.19999999999999,
      "machine": 1,
      "station": 1
    },
    {
      "op_id": 25,
      "op_label": "25",
      "job_id": 7,
      "start": 75.19999999999999,
      "finish": 85.19999999999999,
      "machine": 1,
      "station": 1
    },
    {
      "op_id": 16,
      "op_label": "16",
      "job_id": 5,
      "start": 85.19999999999999,
      "finish": 95.6,
      "machine": 4,
      "station": 1
    },
    {
      "op_id": 30,
      "op_label": "30",
      "job_id": 8,
      "start": 95.6,
      "finish": 106.0,
      "machine": 4,
      "station": 1
    },
    {
      "op_id": 5,
      "op_label": "5",
      "job_id": 2,
      "start": 106.0,
      "finish": 117.0,
      "machine": 1,
      "station": 1
    },
    {
      "op_id": 10,
      "op_label": "10",
      "job_id": 3,
      "start": 117.0,
      "finish": 128.4,
      "machine": 4,
      "station": 1
    },
    {
      "op_id": 11,
      "op_label": "11",
      "job_id": 3,
      "start": 128.4,
      "finish": 138.4,
      "machine": 1,
      "station": 1
    },
    {
      "op_id": 24,
      "op_label": "24",
      "job_id": 7,
      "start": 138.4,
      "finish": 149.8,
      "machine": 4,
      "station": 1
    },
    {
      "op_id": 6,
      "op_label": "6",
      "job_id": 2,
      "start": 149.8,
      "finish": 162.20000000000002,
      "machine": 4,
      "station": 1
    },
    {
      "op_id": 7,
      "op_label": "7",
      "job_id": 2,
      "start": 162.20000000000002,
      "finish": 168.20000000000002,
      "machine": 1,
      "station": 1
    },
    {
      "op_id": 18,
      "op_label": "18",
      "job_id": 5,
      "start": 168.20000000000002,
      "finish": 180.60000000000002,
      "machine": 4,
      "station": 1
    },
    {
      "op_id": 12,
      "op_label": "12",
      "job_id": 3,
      "start": 180.60000000000002,
      "finish": 194.00000000000003,
      "machine": 4,
      "station": 1
    },
    {
      "op_id": 26,
      "op_label": "26",
      "job_id": 7,
      "start": 194.00000000000003,
      "finish": 207.40000000000003,
      "machine": 4,
      "station": 1
    },
    {
      "op_id": 20,
      "op_label": "20",
      "job_id": 6,
      "start": 207.40000000000003,
      "finish": 221.80000000000004,
      "machine": 4,
      "station": 1
    },
    {
      "op_id": 21,
      "op_label": "21",
      "job_id": 6,
      "start": 221.80000000000004,
      "finish": 227.80000000000004,
      "machine": 1,
      "station": 1
    }
  ],
  "note": "Baseline solved by HeuristicBaseModel.run_heuristic",
  "base_data_file": "HeuristicBigStation.json",
  "baseline_run_iso_utc": "2026-02-07T12:07:11.531753+00:00",
  "result_type": "baseline"
}